{"mean":{"confidence_interval":{"confidence_level":0.95,"lower_bound":-0.06158772848240158,"upper_bound":-0.025208182486231266},"point_estimate":-0.042862541643618246,"standard_error":0.009279921084636497},"median":{"confidence_interval":{"confidence_level":0.95,"lower_bound":-0.046493074808423684,"upper_bound":-0.01900572846965931},"point_estimate":-0.032501036214722556,"standard_error":0.007054646494625806}}