{"mean":{"confidence_interval":{"confidence_level":0.95,"lower_bound":0.00567374632963414,"upper_bound":0.03687716188179446},"point_estimate":0.020304080611702524,"standard_error":0.00791074799970901},"median":{"confidence_interval":{"confidence_level":0.95,"lower_bound":-0.00513262427554817,"upper_bound":0.030248555284241307},"point_estimate":0.01230279895007902,"standard_error":0.009176456984794419}}