{"mean":{"confidence_interval":{"confidence_level":0.95,"lower_bound":18288724.71675,"upper_bound":19421401.30833334},"point_estimate":18801631.09,"standard_error":290621.16722871293},"median":{"confidence_interval":{"confidence_level":0.95,"lower_bound":17568246.666666668,"upper_bound":18178367.333333332},"point_estimate":17896192.5,"standard_error":167775.2537967805},"median_abs_dev":{"confidence_interval":{"confidence_level":0.95,"lower_bound":578440.3333306275,"upper_bound":1231198.9493643497},"point_estimate":851774.4412779808,"standard_error":172541.98285962752},"slope":null,"std_dev":{"confidence_interval":{"confidence_level":0.95,"lower_bound":1623131.5231127315,"upper_bound":4095846.122053863},"point_estimate":2926560.3470927966,"standard_error":641760.8453017654}}