{"mean":{"confidence_interval":{"confidence_level":0.95,"lower_bound":0.0022267007838527864,"upper_bound":0.03515022644605008},"point_estimate":0.018577481184822275,"standard_error":0.008405276715142386},"median":{"confidence_interval":{"confidence_level":0.95,"lower_bound":-0.0007707443346449683,"upper_bound":0.02683246211646063},"point_estimate":0.012951708535642092,"standard_error":0.006984059994955764}}