{"mean":{"confidence_interval":{"confidence_level":0.95,"lower_bound":4835184.736477276,"upper_bound":4931518.028386366},"point_estimate":4880752.329090908,"standard_error":24614.724004795262},"median":{"confidence_interval":{"confidence_level":0.95,"lower_bound":4784308.818181818,"upper_bound":4852395.818181818},"point_estimate":4816280.227272727,"standard_error":16967.850907295124},"median_abs_dev":{"confidence_interval":{"confidence_level":0.95,"lower_bound":91149.16812723296,"upper_bound":158157.497837598},"point_estimate":132468.0837482214,"standard_error":17437.879423648294},"slope":null,"std_dev":{"confidence_interval":{"confidence_level":0.95,"lower_bound":172637.88686955825,"upper_bound":310022.8339472122},"point_estimate":247164.28957735235,"standard_error":35245.28516191662}}