{"mean":{"confidence_interval":{"confidence_level":0.95,"lower_bound":-0.8923041190286297,"upper_bound":-0.8849712965422386},"point_estimate":-0.8885324155760077,"standard_error":0.0018832403793247192},"median":{"confidence_interval":{"confidence_level":0.95,"lower_bound":-0.8872623536713031,"upper_bound":-0.8829566067674754},"point_estimate":-0.8853091726075253,"standard_error":0.0011442746302868507}}