{"mean":{"confidence_interval":{"confidence_level":0.95,"lower_bound":2070303.3467083334,"upper_bound":2126019.007166667},"point_estimate":2095772.4008333334,"standard_error":14334.404141997682},"median":{"confidence_interval":{"confidence_level":0.95,"lower_bound":2039626.9166666667,"upper_bound":2075189.2916666667},"point_estimate":2052529.125,"standard_error":7762.378111794892},"median_abs_dev":{"confidence_interval":{"confidence_level":0.95,"lower_bound":39198.39892908902,"upper_bound":77855.9878580924},"point_estimate":56112.76427879924,"standard_error":9490.21346561289},"slope":null,"std_dev":{"confidence_interval":{"confidence_level":0.95,"lower_bound":80390.11725288717,"upper_bound":192642.4736737911},"point_estimate":143727.73084574824,"standard_error":28216.163211618084}}